analyzer,P,R,F1
cdxgen,78.93968675720923,87.95388140264748,81.19653338046682
depscan,76.46396779268714,87.55189255189255,78.71949979141536
jbom,25.05724158514519,19.655752526279734,18.810345226260708
cyclonedx-maven-plugin,78.08418760073967,57.193182261506614,63.11111611041757
openrewrite,55.3818436727604,22.73036504868939,27.100653201981196
build-info-go,57.88651387700175,52.927286179108606,54.60862326721311
