analyzer,P,R,F1
cdxgen,84.07589139120601,95.442949875095,86.6346861915461
depscan,83.42950324858067,95.05396825396825,85.82122095954256
jbom,26.494313857246652,20.759442944791246,19.929731512375355
cyclonedx-maven-plugin,92.32705265011151,65.61934613136496,72.90375890296924
openrewrite,95.99519569945136,39.39929941772827,46.97446555010074
build-info-go,94.27786937686449,86.82996709746023,89.33221966819444
